"Country EN","Region 1 EN","Region 1 Local Language","Region 1 Latitude","Region 1 Longitude","Region 2 EN","Region 2 Latitude","Region 2 Longitude","Region 3 EN","Region 3 Latitude","Region 3 Longitude","Region 4 EN","Region 4 Latitude","Region 4 Longitude","Region 5 EN","Region 5 Latitude","Region 5 Longitude","Region 6 EN","Region 6 Latitude","Region 6 Longitude"
,"Abruzzo [Abruzzi]",,"42,192012","13,728917",,,,,,,,,,,,,,,
,,,,,"Abruzzo DOCG","42,192012","13,728917",,,,,,,,,,,,
,,,,,,,,"Montepulciano d'Abruzzo Colline Teramane","42,674359","13,699951",,,,,,,,,
,,,,,"Cerasuolo d'Abruzzo","42,366662","14,161377",,,,,,,,,,,,
,,,,,"Controguerra","42,855648","13,818611",,,,,,,,,,,,
,,,,,"Montepulciano d'Abruzzo","42,366662","14,161377",,,,,,,,,,,,
,,,,,,,,"Montepulciano d'Abruzzo Alto Tirino","42,326062","13,761063",,,,,,,,,
,,,,,,,,"Montepulciano d'Abruzzo Casauria","42,236398","13,898735",,,,,,,,,
,,,,,,,,"Montepulciano d'Abruzzo Teate","42,354485","14,397583",,,,,,,,,
,,,,,,,,"Montepulciano d'Abruzzo Terre dei Peligni","42,066626","13,969803",,,,,,,,,
,,,,,,,,"Montepulciano d'Abruzzo Terre dei Vestini","42,436887","13,983879",,,,,,,,,
,,,,,,,,"Montepulciano d'Abruzzo Terre di Casauria","42,236398","13,898735",,,,,,,,,
,,,,,"Terre Tollesi - Tullum","42,34738","14,316216",,,,,,,,,,,,
,,,,,"Trebbiano d'Abruzzo","42,366662","14,161377",,,,,,,,,,,,
,"Aosta Valley [Valle d'Aosta]",,45735,"7,313234",,,,,,,,,,,,,,,
,,,,,"Arnad-Montjovet","45,682199","7,661591",,,,,,,,,,,,
,,,,,"Chambave","45,74836","7,580566",,,,,,,,,,,,
,,,,,"Donnas","45,599627","7,7948",,,,,,,,,,,,
,,,,,"Enfer d'Arvier","45,708097","7,157593",,,,,,,,,,,,
,,,,,"Morgex et de la Salle","45,760338","7,058029",,,,,,,,,,,,
,,,,,"Nus","45,740693","7,45697",,,,,,,,,,,,
,,,,,"Torrette","45,721522","7,273636",,,,,,,,,,,,
,"Basilicata",,"40,643077","15,969988",,,,,,,,,,,,,,,
,,,,,"Aglianico del Vulture","40,961234","15,695343",,,,,,,,,,,,
,,,,,"Basilicata DOCG","40,643077","15,969988",,,,,,,,,,,,
,,,,,,,,"Aglianico del Vulture Superiore","40,961234","15,695343",,,,,,,,,
,,,,,"Grottino di Roccanova","40,216635","16,216507",,,,,,,,,,,,
,,,,,"Matera","40,521107","16,442413",,,,,,,,,,,,
,,,,,"Terre dell'Alta Val d'Agri","40,309902","15,869751",,,,,,,,,,,,
,"Calabria",,"38,393339","16,149902",,,,,,,,,,,,,,,
,,,,,"Bivongi","38,430194","16,449966",,,,,,,,,,,,
,,,,,"Ciro","39,385264","17,072754",,,,,,,,,,,,
,,,,,"Donnici","39,247676","16,34285",,,,,,,,,,,,
,,,,,"Greco di Bianco","38,099442","16,143036",,,,,,,,,,,,
,,,,,"Lamezia","38,925229","16,303711",,,,,,,,,,,,
,,,,,"Melissa","39,225339","16,997223",,,,,,,,,,,,
,,,,,"Pollino","39,808536","16,193848",,,,,,,,,,,,
,,,,,"S.Anna di Isola Capo Rizzuto","38,980763","17,045288",,,,,,,,,,,,
,,,,,"San Vito di Luzzi","39,465885","16,284485",,,,,,,,,,,,
,,,,,"Savuto","39,147103","16,254272",,,,,,,,,,,,
,,,,,"Scavigna","39,020251","16,136169",,,,,,,,,,,,
,,,,,"Verbicaro","39,780047","15,899963",,,,,,,,,,,,
,"Campania",,"40,917664","14,798584",,,,,,,,,,,,,,,
,,,,,"Aversa Asprinio","40,961234","14,208069",,,,,,,,,,,,
,,,,,"Campania DOCG","40,917664","14,798584",,,,,,,,,,,,
,,,,,,,,"Aglianico del Taburno","41,139882","14,672241",,,,,,,,,
,,,,,,,,"Fiano di Avellino","40,914749","14,792723",,,,,,,,,
,,,,,,,,"Greco di Tufo","41,017211","14,815063",,,,,,,,,
,,,,,,,,"Taurasi","41,00987","14,959537",,,,,,,,,
,,,,,"Campi Flegrei","40,843944","14,128418",,,,,,,,,,,,
,,,,,"Capri","40,552157","14,249268",,,,,,,,,,,,
,,,,,"Castel San Lorenzo","40,414542","15,231171",,,,,,,,,,,,
,,,,,"Cilento","40,187267","15,227051",,,,,,,,,,,,
,,,,,"Costa d'Amalfi","40,667619","14,624176",,,,,,,,,,,,
,,,,,,,,"Costa d'Amalfi Furore","40,622292","14,563751",,,,,,,,,
,,,,,,,,"Costa d'Amalfi Ravello","40,657722","14,59671",,,,,,,,,
,,,,,,,,"Costa d'Amalfi Tramonti","40,66814","14,646149",,,,,,,,,
,,,,,"Falanghina del Taburno",,,,,,,,,,,,,,
,,,,,"Falerno del Massico","41,188989","13,925171",,,,,,,,,,,,
,,,,,"Galluccio","41,376809","13,955383",,,,,,,,,,,,
,,,,,"Guardia Sanframondi - Guardiolo","41,256399","14,60031",,,,,,,,,,,,
,,,,,"Irpinia","40,946714","15,13916",,,,,,,,,,,,
,,,,,,,,"Irpinia Campi Taurasini","40,987673","14,990158",,,,,,,,,
,,,,,"Ischia","40,728007","13,946457",,,,,,,,,,,,
,,,,,"Penisola Sorrentina","40,626461","14,411316",,,,,,,,,,,,
,,,,,,,,"Penisola Sorrentina Gragnano",,,,,,,,,,,
,,,,,,,,"Penisola Sorrentina Lettere",,,,,,,,,,,
,,,,,,,,"Penisola Sorrentina Sorrento",,,,,,,,,,,
,,,,,"Sannio","41,13017","14,779505",,,,,,,,,,,,
,,,,,,,,"Falanghina del Sannio","41,137296","14,782104",,,,,,,,,
,,,,,,,,"Sannio Guardia Sanfranmondi - Guardiolo","41,260775","14,59877",,,,,,,,,
,,,,,,,,"Sannio Sant'Agata dei Goti",,,,,,,,,,,
,,,,,,,,"Sannio Solopaca","41,208622","14,558258",,,,,,,,,
,,,,,,,,"Sannio Taburno","41,157978","14,657135",,,,,,,,,
,,,,,"Sant'Agata dei Goti","41,133159","14,493713",,,,,,,,,,,,
,,,,,"Solopaca","41,203456","14,556885",,,,,,,,,,,,
,,,,,"Vesuvio","40,822124","14,425735",,,,,,,,,,,,
,"Emilia-Romagna",,"44,574817","11,315918",,,,,,,,,,,,,,,
,,,,,"Bosco Eliceo","44,69941","12,179718",,,,,,,,,,,,
,,,,,"Cagnina di Romagna","44,107371","11,981707",,,,,,,,,,,,
,,,,,"Colli Bolognesi","44,404477","11,250172",,,,,,,,,,,,
,,,,,,,,"Colli Bolognesi Colline Marconiane","44,417107","11,251373",,,,,,,,,
,,,,,,,,"Colli Bolognesi Colline di Oliveto","44,476421","11,313171",,,,,,,,,
,,,,,,,,"Colli Bolognesi Colline di Riosto","44,388654","11,34201",,,,,,,,,
,,,,,,,,"Colli Bolognesi Monte San Pietro","44,455349","11,12915",,,,,,,,,
,,,,,,,,"Colli Bolognesi Serravalle","44,435741","11,03302",,,,,,,,,
,,,,,,,,"Colli Bolognesi Terre di Montebudello","44,49124","11,084518",,,,,,,,,
,,,,,,,,"Colli Bolognesi Zola Predosa","44,489648","11,204681",,,,,,,,,
,,,,,"Colli Piacentini","44,921057","9,663849",,,,,,,,,,,,
,,,,,,,,"Colli Piacentini Monterosso Val d'Arda","44,873389","9,876709",,,,,,,,,
,,,,,,,,"Colli Piacentini Trebbianino Val Trebbia","44,871443","9,545746",,,,,,,,,
,,,,,,,,"Colli Piacentini Val Nure","44,961883","9,773712",,,,,,,,,
,,,,,,,,"Colli Piacentini Vigoleno","44,842725","9,96666",,,,,,,,,
,,,,,,,,"Gutturnio","44,922029","9,670715",,,,,,,,,
,,,,,"Colli d'Imola","44,359206","11,716919",,,,,,,,,,,,
,,,,,"Colli della Romagna Centrale","44,14871","12,019043",,,,,,,,,,,,
,,,,,"Colli di Faenza","44,280604","11,881714",,,,,,,,,,,,
,,,,,"Colli di Parma","44,731126","10,200806",,,,,,,,,,,,
,,,,,"Colli di Rimini","43,988862","12,562866",,,,,,,,,,,,
,,,,,"Colli di Scandiano e di Canossa","44,613934","10,684204",,,,,,,,,,,,
,,,,,"Emilia-Romagna DOCG","44,574817","11,315918",,,,,,,,,,,,
,,,,,,,,"Albana di Romagna","44,141812","12,061615",,,,,,,,,
,,,,,,,,"Colli Bolognesi Classico Pignoletto","44,470541","11,100311",,,,,,,,,
,,,,,"Lambrusco Grasparossa di Castelvetro",,,,,,,,,,,,,,
,,,,,"Lambrusco Salamino di Santa Croce","44,840291","11,000061",,,,,,,,,,,,
,,,,,"Lambrusco di Sorbara",,,,,,,,,,,,,,
,,,,,"Modena","44,715514","10,788574",,,,,,,,,,,,
,,,,,"Ortrugo","44,879228","9,549866",,,,,,,,,,,,
,,,,,"Pagadebit di Romagna","44,152652","12,024536",,,,,,,,,,,,
,,,,,,,,"Pagadebit di Romagna Bertinoro","44,168415","12,134399",,,,,,,,,
,,,,,"Reggiano","44,746733","10,629272",,,,,,,,,,,,
,,,,,"Reno","44,583621","11,271973",,,,,,,,,,,,
,,,,,"Romagna Albana Spumante","44,300264","11,782837",,,,,,,,,,,,
,,,,,"Sangiovese di Romagna","44,134913","12,052002",,,,,,,,,,,,
,,,,,"Trebbiano di Romagna","44,150681","12,041016",,,,,,,,,,,,
,"Friuli-Venezia Giulia",,"46,240652","13,227539",,,,,,,,,,,,,,,
,,,,,"Carso","45,759859","13,672485",,,,,,,,,,,,
,,,,,"Colli Orientali del Friuli","46,0999","13,430786",,,,,,,,,,,,
,,,,,,,,"Colli Orientali del Friuli Cialla","46,055126","13,477478",,,,,,,,,
,,,,,,,,"Colli Orientali del Friuli Rosazzo","46,014131","13,418427",,,,,,,,,
,,,,,,,,"Colli Orientali del Friuli Schioppettino Prepotto","46,054173","13,478851",,,,,,,,,
,,,,,"Collio Goriziano","45,95115","13,41156",,,,,,,,,,,,
,,,,,"Friuli Annia","45,811572","13,18634",,,,,,,,,,,,
,,,,,"Friuli Aquileia","45,777102","13,359375",,,,,,,,,,,,
,,,,,"Friuli DOCG","46,240652","13,227539",,,,,,,,,,,,
,,,,,,,,"Colli Orientali del Friuli Picolit","46,103709","13,430786",,,,,,,,,
,,,,,,,,,,,"Colli Orientali del Friuli Picolit Cialla","46,054173","13,478851",,,,,,
,,,,,,,,"Ramandolo",,,,,,,,,,,
,,,,,,,,"Rosazzo","45,994536","13,441377",,,,,,,,,
,,,,,"Friuli Grave","45,97406","12,974854",,,,,,,,,,,,
,,,,,"Friuli Isonzo","45,912944","13,491211",,,,,,,,,,,,
,,,,,"Friuli Latisana","45,79817","12,991333",,,,,,,,,,,,
,,,,,"Prosecco di Trieste","45,675482","13,782349",,,,,,,,,,,,
,"Lazio",,"42,114524","12,458496",,,,,,,,,,,,,,,
,,,,,"Aleatico di Gradoli","42,642041","11,873474",,,,,,,,,,,,
,,,,,"Aprilia","41,590648","12,651111",,,,,,,,,,,,
,,,,,"Atina","41,63392","13,754883",,,,,,,,,,,,
,,,,,"Bianco Capena","42,148133","12,568359",,,,,,,,,,,,
,,,,,"Castelli Romani","41,689322","12,86499",,,,,,,,,,,,
,,,,,"Cerveteri","42,037054","12,095947",,,,,,,,,,,,
,,,,,"Cesanese di Affile","41,895122","13,099823",,,,,,,,,,,,
,,,,,"Cesanese di Olevano Romano","41,882854","13,035278",,,,,,,,,,,,
,,,,,"Circeo","41,238577","13,079224",,,,,,,,,,,,
,,,,,"Colli Albani","41,73","12,7",,,,,,,,,,,,
,,,,,"Colli Etruschi Viterbesi",,,,,,,,,,,,,,
,,,,,"Colli Lanuvini","41,681118","12,718048",,,,,,,,,,,,
,,,,,"Colli della Sabina","42,204107","12,727661",,,,,,,,,,,,
,,,,,"Cori","41,660601","12,908936",,,,,,,,,,,,
,,,,,"Est Est Est di Montefiascone","42,585444","12,024536",,,,,,,,,,,,
,,,,,"Frascati","41,81022","12,675476",,,,,,,,,,,,
,,,,,"Genazzano","41,826259","12,971722",,,,,,,,,,,,
,,,,,"Lazio DOCG","42,114524","12,458496",,,,,,,,,,,,
,,,,,,,,"Cannellino di Frascati","41,789745","12,741394",,,,,,,,,
,,,,,,,,"Cesanese del Piglio","41,837851","13,146515",,,,,,,,,
,,,,,,,,"Frascati Superiore","41,783601","12,746887",,,,,,,,,
,,,,,"Marino","41,769804","12,658528",,,,,,,,,,,,
,,,,,"Montecompatri Colonna","41,838874","12,700195",,,,,,,,,,,,
,,,,,"Moscato di Terracina","41,294317","13,244019",,,,,,,,,,,,
,,,,,"Nettuno","41,457585","12,661075",,,,,,,,,,,,
,,,,,"Tarquinia","42,254665","11,758468",,,,,,,,,,,,
,,,,,"Velletri","41,691336","12,777975",,,,,,,,,,,,
,,,,,"Vignanello","42,383585","12,277145",,,,,,,,,,,,
,,,,,"Zagarolo","41,839913","12,829223",,,,,,,,,,,,
,"Liguria",,"44,574817","8,898926",,,,,,,,,,,,,,,
,,,,,"Cinque Terre","44,134913","9,702301",,,,,,,,,,,,
,,,,,,,,"Cinque Terre Costa da Posa","44,116307","9,72599",,,,,,,,,
,,,,,,,,"Cinque Terre Costa de Campu","44,109282","9,733372",,,,,,,,,
,,,,,,,,"Cinque Terre Costa de Sera","44,104845","9,7435",,,,,,,,,
,,,,,,,,"Cinque Terre Sciacchetra","44,134913","9,702301",,,,,,,,,
,,,,,"Colli di Luni","44,075747","9,920654",,,,,,,,,,,,
,,,,,"Colline di Levanto","44,188113","9,607544",,,,,,,,,,,,
,,,,,"Golfo del Tigullio","44,30567","9,206715",,,,,,,,,,,,
,,,,,"Ormeasco di Pornassio","44,075747","7,870331",,,,,,,,,,,,
,,,,,"Riviera Ligure di Ponente","44,166667","8,333333",,,,,,,,,,,,
,,,,,,,,"Riviera Ligure di Ponente Albenga","44,127028","8,195801",,,,,,,,,
,,,,,,,,"Riviera Ligure di Ponente Finalese","44,166667","8,333333",,,,,,,,,
,,,,,,,,"Riviera Ligure di Ponente Rivieri dei Fiori","44,07772","7,867584",,,,,,,,,
,,,,,"Rossese di Dolceacqua","43,859287","7,627258",,,,,,,,,,,,
,,,,,"Val Polcevera","44,486709","8,98819",,,,,,,,,,,,
,,,,,,,,"Val Polcevera Coronata","44,424463","8,877597",,,,,,,,,
,"Lombardy [Lombardia]",,"45,521744","9,18457",,,,,,,,,,,,,,,
,,,,,"Botticino","45,537056","10,302981",,,,,,,,,,,,
,,,,,"Capriano del Colle","45,454272","10,128892",,,,,,,,,,,,
,,,,,"Casteggio","45,011111","9,123444",,,,,,,,,,,,
,,,,,"Cellatica","45,582981","10,181259",,,,,,,,,,,,
,,,,,"Curtefranca","45,631025","9,989232",,,,,,,,,,,,
,,,,,"Garda Colli Mantovani","45,396521","10,691071",,,,,,,,,,,,
,,,,,"Garda Lombardy","45,498647","10,522156",,,,,,,,,,,,
,,,,,"Lambrusco Mantovano","44,98617","11,038513",,,,,,,,,,,,
,,,,,,,,"Lambrusco Mantovano Oltre Po Mantovano","44,98617","11,038513",,,,,,,,,
,,,,,,,,"Lambrusco Mantovano Viadanese-Sabbionetano","44,938557","10,520782",,,,,,,,,
,,,,,"Lombardy DOCG","45,521744","9,18457",,,,,,,,,,,,
,,,,,,,,"Franciacorta","45,61836","10,003738",,,,,,,,,
,,,,,,,,"Moscato di Scanzo","45,710597","9,733897",,,,,,,,,
,,,,,,,,"Oltrepo Pavese Metodo Classico","44,994911","9,212036",,,,,,,,,
,,,,,,,,"Sforzato di Valtellina","46,17983","9,871216",,,,,,,,,
,,,,,,,,"Valtellina Superiore","46,17983","9,871216",,,,,,,,,
,,,,,,,,,,,"Valtellina Superiore Grumello","46,19124","9,931641",,,,,,
,,,,,,,,,,,"Valtellina Superiore Inferno","46,181732","9,944687",,,,,,
,,,,,,,,,,,"Valtellina Superiore Maroggia","46,185535","9,688911",,,,,,
,,,,,,,,,,,"Valtellina Superiore Sassella","46,183158","9,802551",,,,,,
,,,,,,,,,,,"Valtellina Superiore Valgella","46,159732","10,05282",,,,,,
,,,,,"Lugana - Lombardy","45,504422","10,513916",,,,,,,,,,,,
,,,,,"Oltrepo Pavese","44,991998","9,216156",,,,,,,,,,,,
,,,,,,,,"Bonarda dell'Oltrepo Pavese","44,991998","9,216156",,,,,,,,,
,,,,,,,,"Buttafuoco dell'Oltrepo Pavese","45,062852","9,262848",,,,,,,,,
,,,,,,,,"Oltrepo Pavese Pinot Grigio","44,991998","9,216156",,,,,,,,,
,,,,,,,,"Pinot Nero dell'Oltrepo Pavese","44,991998","9,216156",,,,,,,,,
,,,,,,,,"Sangue di Giuda dell'Oltrepo Pavese","45,039567","9,239502",,,,,,,,,
,,,,,"Riviera del Garda Bresciano","45,619801","10,524902",,,,,,,,,,,,
,,,,,"San Colombano al Lambro","45,182107","9,493617",,,,,,,,,,,,
,,,,,"San Martino della Battaglia","45,479392","10,535889",,,,,,,,,,,,
,,,,,"Valcalepio","45,660127","9,890442",,,,,,,,,,,,
,,,,,"Valtellina","46,17983","9,871216",,,,,,,,,,,,
,"Marches [Marche]",,"43,505874","12,989615",,,,,,,,,,,,,,,
,,,,,"Bianchello di Metauro","43,692204","12,810059",,,,,,,,,,,,
,,,,,"Colli Maceratesi","43,317185","13,447266",,,,,,,,,,,,
,,,,,"Colli Pesaresi","43,921637","12,919922",,,,,,,,,,,,
,,,,,,,,"Colli Pesaresi Focara","43,949358","12,82392",,,,,,,,,
,,,,,,,,"Colli Pesaresi Roncaglia","43,924419","12,842846",,,,,,,,,
,,,,,"Esino","43,524655","13,238525",,,,,,,,,,,,
,,,,,"Falerio dei Colli Ascolani","42,875964","13,568115",,,,,,,,,,,,
,,,,,"Lacrima di Morro [Lacrima di Morro d'Alba]","43,609731","13,21312",,,,,,,,,,,,
,,,,,"Marches DOCG","43,505874","12,989615",,,,,,,,,,,,
,,,,,,,,"Rosso Conero Riserva","43,612217","13,52417",,,,,,,,,
,,,,,,,,"Verdicchio dei Castelli di Jesi Riserva","43,450925","13,116989",,,,,,,,,
,,,,,,,,"Verdicchio di Matelica Riserva","43,265206","13,007813",,,,,,,,,
,,,,,,,,"Vernaccia di Serrapetrona","43,18315","13,152008",,,,,,,,,
,,,,,"Offida","42,936722","13,701426",,,,,,,,,,,,
,,,,,"Pergola","43,566462","12,837524",,,,,,,,,,,,
,,,,,"Rosso Conero","43,612217","13,52417",,,,,,,,,,,,
,,,,,"Rosso Piceno","43,086633","13,565711",,,,,,,,,,,,
,,,,,"San Ginesio","43,107667","13,326407",,,,,,,,,,,,
,,,,,"Serrapetrona","43,177037","13,190481",,,,,,,,,,,,
,,,,,"Terreni di Sanseverino","43,232197","13,181362",,,,,,,,,,,,
,,,,,"Verdicchio dei Castelli di Jesi","43,450925","13,116989",,,,,,,,,,,,
,,,,,,,,"Verdicchio dei Castelli di Jesi Classico","43,450925","13,116989",,,,,,,,,
,,,,,"Verdicchio di Matelica","43,265206","13,007813",,,,,,,,,,,,
,"Molise",,"41,63109","14,493461",,,,,,,,,,,,,,,
,,,,,"Biferno","41,701243","14,731808",,,,,,,,,,,,
,,,,,"Molise del Molise","41,63109","14,493461",,,,,,,,,,,,
,,,,,"Pentro di Isernia","41,601045","14,243859",,,,,,,,,,,,
,"Piedmont [Piemonte]",,"45,058001","7,69043",,,,,,,,,,,,,,,
,,,,,"Alba","44,707706","8,031006",,,,,,,,,,,,
,,,,,"Albugnano","45,077979","7,97125",,,,,,,,,,,,
,,,,,"Barbera d'Alba","44,707706","8,031006",,,,,,,,,,,,
,,,,,"Barbera del Monferrato","44,789633","8,322144",,,,,,,,,,,,
,,,,,"Barolo Chinato","44,613934","7,943115",,,,,,,,,,,,
,,,,,"Boca","45,685557","8,407974",,,,,,,,,,,,
,,,,,"Bramaterra","45,596744","8,238373",,,,,,,,,,,,
,,,,,"Canavese","45,344424","7,717896",,,,,,,,,,,,
,,,,,"Carema","45,584537","7,811889",,,,,,,,,,,,
,,,,,"Cisterna d'Asti","44,834448","8,00354",,,,,,,,,,,,
,,,,,"Colli Tortonesi","44,898687","8,865967",,,,,,,,,,,,
,,,,,,,,"Colli Tortonesi Monleale","44,886891","8,974628",,,,,,,,,
,,,,,"Colline Novaresi","45,706179","8,459473",,,,,,,,,,,,
,,,,,"Colline Saluzzesi","44,643254","7,489929",,,,,,,,,,,,
,,,,,"Cortese dell'Alto Monferrato","44,685254","8,470459",,,,,,,,,,,,
,,,,,"Coste della Sesia","45,693711","8,286438",,,,,,,,,,,,
,,,,,"Dolcetto d'Acqui","44,72332","8,470459",,,,,,,,,,,,
,,,,,"Dolcetto d'Alba","44,707706","8,031006",,,,,,,,,,,,
,,,,,"Dolcetto d'Asti","44,733077","8,289185",,,,,,,,,,,,
,,,,,"Dolcetto delle Langhe Monregalesi","44,402392","7,822266",,,,,,,,,,,,
,,,,,"Dolcetto di Dogliani","44,533227","7,944489",,,,,,,,,,,,
,,,,,"Dolcetto di Ovada","44,637391","8,640747",,,,,,,,,,,,
,,,,,"Fara","45,548198","8,467712",,,,,,,,,,,,
,,,,,"Freisa d'Asti","44,937585","8,21228",,,,,,,,,,,,
,,,,,"Freisa di Chieri","45,019185","7,822266",,,,,,,,,,,,
,,,,,"Gabiano","45,157833","8,196426",,,,,,,,,,,,
,,,,,"Grignolino d'Asti","44,941473","8,195801",,,,,,,,,,,,
,,,,,"Grignolino del Monferrato Casalese","45,13943","8,448486",,,,,,,,,,,,
,,,,,"Langhe","44,648139","7,926636",,,,,,,,,,,,
,,,,,,,,"Langhe Nascetta del Comune di Novello","44,590956","7,927666",,,,,,,,,
,,,,,"Lessona","45,586375","8,19643",,,,,,,,,,,,
,,,,,"Loazzolo","44,669778","8,258215",,,,,,,,,,,,
,,,,,"Malvasia di Casorzo d'Asti","45,028406","8,340683",,,,,,,,,,,,
,,,,,"Malvasia di Castelnuovo Don Bosco","45,05024","7,992554",,,,,,,,,,,,
,,,,,"Monferrato","44,789633","8,322144",,,,,,,,,,,,
,,,,,,,,"Monferrato Casalese",,,,,,,,,,,
,,,,,"Nebbiolo d'Alba","44,707706","8,031006",,,,,,,,,,,,
,,,,,"Piedmont DOCG","45,058001","7,69043",,,,,,,,,,,,
,,,,,,,,"Alta Langa Metodo Classico","44,719417","8,470459",,,,,,,,,
,,,,,,,,"Asti","44,937585","8,21228",,,,,,,,,
,,,,,,,,"Barbaresco","44,725046","8,080868",,,,,,,,,
,,,,,,,,"Barbera d'Asti","44,995883","8,217773",,,,,,,,,
,,,,,,,,,,,"Barbera d'Asti Superiore Astiani","44,855869","8,275452",,,,,,
,,,,,,,,,,,"Barbera d'Asti Superiore Nizza","44,797429","8,283691",,,,,,
,,,,,,,,,,,"Barbera d'Asti Superiore Tinella","44,801327","8,118896",,,,,,
,,,,,,,,"Barbera del Monferrato Superiore","44,789633","8,322144",,,,,,,,,
,,,,,,,,"Barolo","44,613934","7,943115",,,,,,,,,
,,,,,,,,,,,"Grappa di Barolo",,,,,,,,
,,,,,,,,"Brachetto d'Acqui","44,72332","8,470459",,,,,,,,,
,,,,,,,,"Dolcetto di Diano d'Alba","44,660839","8,033752",,,,,,,,,
,,,,,,,,"Dolcetto di Dogliani Superiore","44,533227","7,944489",,,,,,,,,
,,,,,,,,"Dolcetto di Ovada Superiore","44,637391","8,640747",,,,,,,,,
,,,,,,,,"Erbaluce di Caluso","45,305479","7,889017",,,,,,,,,
,,,,,,,,"Gattinara","45,635167","8,366089",,,,,,,,,
,,,,,,,,"Gavi - Cortese di Gavi","44,709658","8,772583",,,,,,,,,
,,,,,,,,"Ghemme","45,608274","8,415527",,,,,,,,,
,,,,,,,,"Moscato d'Asti","44,972571","8,22876",,,,,,,,,
,,,,,,,,"Roero","44,807173","8,036499",,,,,,,,,
,,,,,,,,,,,"Roero Arneis","44,807173","8,036499",,,,,,
,,,,,,,,"Ruche di Castagnole Monferrato","44,963098","8,304634",,,,,,,,,
,,,,,"Pinerolese","44,894796","7,333374",,,,,,,,,,,,
,,,,,"Rubino di Cantavenna","45,157833","8,196426",,,,,,,,,,,,
,,,,,"Sizzano","45,577877","8,437875",,,,,,,,,,,,
,,,,,"Strevi","44,699007","8,523309",,,,,,,,,,,,
,,,,,"Terre Alfieri","44,86755","8,063965",,,,,,,,,,,,
,,,,,"Valli Ossolane","46,118942","8,294678",,,,,,,,,,,,
,,,,,"Valsusa","45,146211","7,044983",,,,,,,,,,,,
,,,,,"Verduno Pelaverga","44,671094","7,931442",,,,,,,,,,,,
,"Puglia [Apulia]",,"40,792839","17,101193",,,,,,,,,,,,,,,
,,,,,"Aleatico di Puglia","40,792839","17,101193",,,,,,,,,,,,
,,,,,"Alezio","40,062352","18,059074",,,,,,,,,,,,
,,,,,"Brindisi","40,636175","17,938991",,,,,,,,,,,,
,,,,,"Cacc'e Mmitte di Lucera","41,508577","15,336914",,,,,,,,,,,,
,,,,,"Castel del Monte","41,240642","16,298218",,,,,,,,,,,,
,,,,,"Colline Joniche Tarantine","40,497092","17,270508",,,,,,,,,,,,
,,,,,"Copertino","40,2725","18,057352",,,,,,,,,,,,
,,,,,"Galatina",40175,"18,169074",,,,,,,,,,,,
,,,,,"Gioia del Colle","40,797903","16,924622",,,,,,,,,,,,
,,,,,"Gravina","40,821178","16,419338",,,,,,,,,,,,
,,,,,"Leverano","40,289737","18,001177",,,,,,,,,,,,
,,,,,"Lizzano","40,392037","17,448444",,,,,,,,,,,,
,,,,,"Locorotondo","40,755741","17,326289",,,,,,,,,,,,
,,,,,"Martina - Martina Franca","40,705018","17,33918",,,,,,,,,,,,
,,,,,"Matino","40,033296","18,132667",,,,,,,,,,,,
,,,,,"Moscato di Trani","41,265697","16,437337",,,,,,,,,,,,
,,,,,"Nardo","40,17593","18,030423",,,,,,,,,,,,
,,,,,"Orta Nova","41,326319","15,707118",,,,,,,,,,,,
,,,,,"Ostuni","40,728778","17,57737",,,,,,,,,,,,
,,,,,"Primitivo di Manduria","40,402815","17,634389",,,,,,,,,,,,
,,,,,"Puglia DOCG","40,792839","17,101193",,,,,,,,,,,,
,,,,,,,,"Castel del Monte Bombino Nero","41,058644","16,270752",,,,,,,,,
,,,,,,,,"Castel del Monte Nero di Troia Riserva","41,066928","16,265259",,,,,,,,,
,,,,,,,,"Castel del Monte Rosso Riserva","41,081421","16,262512",,,,,,,,,
,,,,,,,,"Primitivo di Manduria Dolce Naturale","40,42186","17,633057",,,,,,,,,
,,,,,"Rosso Barletta","41,319277","16,28399",,,,,,,,,,,,
,,,,,"Rosso Canosa - Canusium","41,253032","16,062012",,,,,,,,,,,,
,,,,,"Rosso di Cerignola",41265,"15,901426",,,,,,,,,,,,
,,,,,"Salice Salentino","40,388148","17,961574",,,,,,,,,,,,
,,,,,"San Severo","41,690799","15,377067",,,,,,,,,,,,
,,,,,"Squinzano","40,438754","18,039005",,,,,,,,,,,,
,"Sardinia [Sardegna]",,"40,120875","9,012893",,,,,,,,,,,,,,,
,,,,,"Alghero","40,557981","8,322204",,,,,,,,,,,,
,,,,,"Arborea","39,905523","8,591309",,,,,,,,,,,,
,,,,,"Cagliari","39,215409","9,109324",,,,,,,,,,,,
,,,,,"Campidano di Terralba","39,720245","8,636145",,,,,,,,,,,,
,,,,,"Cannonau di Sardegna","40,120875","9,012893",,,,,,,,,,,,
,,,,,"Carignano del Sulcis","39,088502","8,673706",,,,,,,,,,,,
,,,,,"Giro di Cagliari","39,493444","9,298553",,,,,,,,,,,,
,,,,,"Malvasia di Bosa","40,308854","8,486938",,,,,,,,,,,,
,,,,,"Malvasia di Cagliari","39,223743","9,107666",,,,,,,,,,,,
,,,,,"Mandrolisai","40,032872","9,1008",,,,,,,,,,,,
,,,,,"Monica di Cagliari","39,493444","9,298553",,,,,,,,,,,,
,,,,,"Monica di Sardegna","40,120875","9,012893",,,,,,,,,,,,
,,,,,"Moscato di Cagliari","39,493444","9,298553",,,,,,,,,,,,
,,,,,"Moscato di Sardegna","40,120875","9,012893",,,,,,,,,,,,
,,,,,"Moscato di Sorso-Sennori","40,801336","8,574829",,,,,,,,,,,,
,,,,,"Nasco di Cagliari","39,493444","9,298553",,,,,,,,,,,,
,,,,,"Nuragus di Cagliari","39,571822","8,898926",,,,,,,,,,,,
,,,,,"Sardegna Semidano","39,643768","8,835754",,,,,,,,,,,,
,,,,,"Sardinia DOCG","40,120875","9,012893",,,,,,,,,,,,
,,,,,,,,"Vermentino di Gallura","41,060715","9,202423",,,,,,,,,
,,,,,"Vermentino di Sardegna","40,120875","9,012893",,,,,,,,,,,,
,,,,,"Vernaccia di Oristano","39,986591","8,539124",,,,,,,,,,,,
,"Sicily [Sicilia]",,"37,39793","14,658782",,,,,,,,,,,,,,,
,,,,,"Alcamo","37,980766","12,960354",,,,,,,,,,,,
,,,,,"Contea di Sclafani","37,82009","13,855133",,,,,,,,,,,,
,,,,,"Contessa Entellina","37,728844","13,184272",,,,,,,,,,,,
,,,,,"Delia Nivolelli",,,,,,,,,,,,,,
,,,,,"Eloro","36,897194","15,067749",,,,,,,,,,,,
,,,,,,,,"Eloro Pachino","36,725677","15,084229",,,,,,,,,
,,,,,"Erice","38,036479","12,583763",,,,,,,,,,,,
,,,,,"Etna","37,696861","15,095215",,,,,,,,,,,,
,,,,,"Faro","38,212288","15,556641",,,,,,,,,,,,
,,,,,"Malvasia delle Lipari","38,470794","14,957886",,,,,,,,,,,,
,,,,,"Mamertino di Milazzo","38,22955","15,238037",,,,,,,,,,,,
,,,,,"Marsala","37,799084","12,434233",,,,,,,,,,,,
,,,,,"Menfi","37,605528","12,974854",,,,,,,,,,,,
,,,,,"Monreale","38,081235","13,289695",,,,,,,,,,,,
,,,,,"Moscato di Noto","36,891741","15,071001",,,,,,,,,,,,
,,,,,"Moscato di Pantelleria","36,853252","11,953125",,,,,,,,,,,,
,,,,,,,,"Passito di Pantelleria","36,853252","11,953125",,,,,,,,,
,,,,,"Moscato di Siracusa","37,066228","15,284288",,,,,,,,,,,,
,,,,,"Noto","36,891741","15,071001",,,,,,,,,,,,
,,,,,"Riesi","37,283102","14,083256",,,,,,,,,,,,
,,,,,"Salaparuta","37,759034","13,010774",,,,,,,,,,,,
,,,,,"Sambuca di Sicilia","37,650573","13,112105",,,,,,,,,,,,
,,,,,"Santa Margherita di Belice","37,692457","13,023851",,,,,,,,,,,,
,,,,,"Sciacca","37,505688","13,080469",,,,,,,,,,,,
,,,,,"Sicily DOCG","37,39793","14,658782",,,,,,,,,,,,
,,,,,,,,"Cerasuolo di Vittoria","36,96306","14,540405",,,,,,,,,
,,,,,"Vittoria","36,950032","14,537217",,,,,,,,,,,,
,"Trentino-Alto Adige",,"46,342958","11,244421",,,,,,,,,,,,,,,
,,,,,"Alto Adige - Sudtirol","46,498392","11,359863",,,,,,,,,,,,
,,,,,,,,"Alto Adige Colli di Bolzano","46,494611","11,35437",,,,,,,,,
,,,,,,,,"Alto Adige Meranese di Collina","46,666402","11,156616",,,,,,,,,
,,,,,,,,"Alto Adige Santa Maddalena",,"11,460114",,,,,,,,,
,,,,,,,,"Alto Adige Terlano","46,533463","11,246407",,,,,,,,,
,,,,,,,,"Alto Adige Valle Isarco","46,639065","11,56517",,,,,,,,,
,,,,,,,,"Alto Adige Valle Venosta","46,641187","10,989761",,,,,,,,,
,,,,,"Casteller","46,077041","11,112671",,,,,,,,,,,,
,,,,,"Lago di Caldaro - Kalterersee","46,413571","11,242404",,,,,,,,,,,,
,,,,,"Teroldego Rotaliano","46,204547","11,079712",,,,,,,,,,,,
,,,,,"Trentino","46,077041","11,115417",,,,,,,,,,,,
,,,,,,,,"Trentino Castel Beseno",,,,,,,,,,,
,,,,,,,,"Trentino Isera","45,892876","11,008301",,,,,,,,,
,,,,,,,,"Trentino Sorni","46,176146","11,124172",,,,,,,,,
,,,,,,,,"Trentino Ziresi","45,918557","11,063576",,,,,,,,,
,,,,,"Trento","46,077041","11,115417",,,,,,,,,,,,
,,,,,"Valdadige - Etschtaler","46,073231","11,118164",,,,,,,,,,,,
,,,,,"Valdadige Terradeiforti","45,733505","10,940323",,,,,,,,,,,,
,"Tuscany [Toscana]",,"43,277205","11,25",,,,,,,,,,,,,,,
,,,,,"Ansonica Costa dell'Argentario","42,439674","11,12915",,,,,,,,,,,,
,,,,,"Barco Reale di Carmignano","43,81338","11,019115",,,,,,,,,,,,
,,,,,"Bianco Pisano di S.Torpe","43,58437","10,59082",,,,,,,,,,,,
,,,,,"Bianco dell'Empolese","43,735383","10,93689",,,,,,,,,,,,
,,,,,"Bianco di Pitigliano","42,654162","11,678467",,,,,,,,,,,,
,,,,,"Bolgheri","43,169129","10,601807",,,,,,,,,,,,
,,,,,"Candia dei Colli Apuani","44,038491","10,138321",,,,,,,,,,,,
,,,,,"Capalbio","42,486783","11,408615",,,,,,,,,,,,
,,,,,"Colli dell'Etruria Centrale","43,548548","11,035767",,,,,,,,,,,,
,,,,,"Colli di Luni - Tuscany","44,144769","10,000305",,,,,,,,,,,,
,,,,,"Colline Lucchesi","43,858297","10,491943",,,,,,,,,,,,
,,,,,"Cortona","43,274081","11,987754",,,,,,,,,,,,
,,,,,"Elba","42,811522","10,305176",,,,,,,,,,,,
,,,,,"Grance Senesi","43,2377","11,418228",,,,,,,,,,,,
,,,,,"Grappa di Toscana","43,277205","11,25",,,,,,,,,,,,
,,,,,"Montecarlo","43,861267","10,669098",,,,,,,,,,,,
,,,,,"Montecucco","42,882631","11,274033",,,,,,,,,,,,
,,,,,"Monteregio di Massa Marittima","42,783307","10,887451",,,,,,,,,,,,
,,,,,"Montescudaio","43,327037","10,627037",,,,,,,,,,,,
,,,,,"Moscadello di Montalcino","43,059356","11,489983",,,,,,,,,,,,
,,,,,"Orcia","43,072901","11,602936",,,,,,,,,,,,
,,,,,"Parrina","42,441068","11,217213",,,,,,,,,,,,
,,,,,"Pietraviva","43,53262","11,574097",,,,,,,,,,,,
,,,,,"Pomino","43,835517","11,497192",,,,,,,,,,,,
,,,,,"Rosato di Carmignano","43,813411","11,018772",,,,,,,,,,,,
,,,,,"Rosso di Montalcino","43,059356","11,489983",,,,,,,,,,,,
,,,,,"Rosso di Montepulciano","43,104994","11,782837",,,,,,,,,,,,
,,,,,"San Gimignano","43,468743","11,042633",,,,,,,,,,,,
,,,,,"Sant'Antimo","43,059356","11,489983",,,,,,,,,,,,
,,,,,"Sovana","42,654162","11,678467",,,,,,,,,,,,
,,,,,"Terratico di Bibbona","43,270706","10,59494",,,,,,,,,,,,
,,,,,"Terre di Casole","43,338164","11,043663",,,,,,,,,,,,
,,,,,"Tuscany DOCG","43,277205","11,25",,,,,,,,,,,,
,,,,,,,,"Brunello di Montalcino","43,059356","11,489983",,,,,,,,,
,,,,,,,,,,,"Grappa di Brunello","43,059356","11,489983",,,,,,
,,,,,,,,"Carmignano","43,813411","11,018772",,,,,,,,,
,,,,,,,,"Chianti","43,588349","11,315918",,,,,,,,,
,,,,,,,,,,,"Chianti Colli Aretini","43,468868","11,865234",,,,,,
,,,,,,,,,,,"Chianti Colli Fiorentini","43,777044","11,34613",,,,,,
,,,,,,,,,,,"Chianti Colli Senesi","43,329174","11,332397",,,,,,
,,,,,,,,,,,"Chianti Colline Pisane","43,542576","10,59082",,,,,,
,,,,,,,,,,,"Chianti Montalbano","43,782497","10,923672",,,,,,
,,,,,,,,,,,"Chianti Montespertoli","43,649988","11,076965",,,,,,
,,,,,,,,,,,"Chianti Rufina","43,836508","11,488953",,,,,,
,,,,,,,,"Chianti Classico","43,540585","11,293945",,,,,,,,,
,,,,,,,,"Elba Aleatico Passito","42,811522","10,316162",,,,,,,,,
,,,,,,,,"Montecucco Sangiovese","42,851806","11,260986",,,,,,,,,
,,,,,,,,"Morellino di Scansano","42,686473","11,332397",,,,,,,,,
,,,,,,,,"Suvereto","43,078296","10,679241",,,,,,,,,
,,,,,,,,"Vernaccia di San Gimignano","43,468743","11,042633",,,,,,,,,
,,,,,,,,"Vino Nobile di Montepulciano","43,104994","11,782837",,,,,,,,,
,,,,,"Val d'Arbia","43,325178","11,337891",,,,,,,,,,,,
,,,,,"Val di Cornia","42,948381","10,524902",,,,,,,,,,,,
,,,,,,,,"Val di Cornia Suvereto","43,087946","10,678711",,,,,,,,,
,,,,,"Valdichiana","43,259206","11,895447",,,,,,,,,,,,
,,,,,"Valdinievole","43,870178","10,813293",,,,,,,,,,,,
,,,,,"Vin Santo","43,277205","11,25",,,,,,,,,,,,
,,,,,,,,"Vin Santo Sant'Antimo","43,059356","11,489983",,,,,,,,,
,,,,,,,,"Vin Santo del Chianti","43,588349","11,315918",,,,,,,,,
,,,,,,,,,,,"Vin Santo del Chianti Classico","43,540585","11,293945",,,,,,
,,,,,,,,,,,"Vin Santo del Chianti Colli Aretini","43,468868","11,865234",,,,,,
,,,,,,,,,,,"Vin Santo del Chianti Colli Fiorentini","43,777044","11,34613",,,,,,
,,,,,,,,,,,"Vin Santo del Chianti Colli Senesi","43,329174","11,332397",,,,,,
,,,,,,,,,,,"Vin Santo del Chianti Colline Pisane","43,542576","10,59082",,,,,,
,,,,,,,,,,,"Vin Santo del Chianti Montalbano","43,782497","10,923672",,,,,,
,,,,,,,,,,,"Vin Santo del Chianti Montespertoli","43,649988","11,076965",,,,,,
,,,,,,,,,,,"Vin Santo del Chianti Rufina","43,836508","11,488953",,,,,,
,,,,,,,,"Vin Santo di Carmignano","43,813411","11,018772",,,,,,,,,
,,,,,,,,"Vin Santo di Montepulciano","43,104994","11,782837",,,,,,,,,
,"Umbria",,"42,938004","12,621621",,,,,,,,,,,,,,,
,,,,,"Assisi","43,070167","12,617519",,,,,,,,,,,,
,,,,,"Colli Altotiberini","43,313188","12,34314",,,,,,,,,,,,
,,,,,"Colli Amerini","42,55308","12,409058",,,,,,,,,,,,
,,,,,"Colli Martani","42,90816","12,546387",,,,,,,,,,,,
,,,,,,,,"Colli Martani Grechetto di Todi","42,78023","12,408453",,,,,,,,,
,,,,,,,,"Colli Martani Vernaccia di Cannarra","42,994635","12,582521",,,,,,,,,
,,,,,"Colli Perugini","42,930285","12,337646",,,,,,,,,,,,
,,,,,"Colli del Trasimeno","43,153102","12,212677",,,,,,,,,,,,
,,,,,"Lago di Corbara","42,714732","12,106934",,,,,,,,,,,,
,,,,,"Montefalco","42,893653","12,650057",,,,,,,,,,,,
,,,,,"Orvietano Rosso","42,714732","12,112427",,,,,,,,,,,,
,,,,,"Orvieto","42,71647","12,111569",,,,,,,,,,,,
,,,,,,,,"Orvieto Classico","42,71647","12,111569",,,,,,,,,
,,,,,"Todi","42,78023","12,408453",,,,,,,,,,,,
,,,,,"Torgiano","43,032761","12,409058",,,,,,,,,,,,
,,,,,"Umbria DOCG","42,938004","12,621621",,,,,,,,,,,,
,,,,,,,,"Montefalco Sagrantino","42,910172","12,635651",,,,,,,,,
,,,,,,,,"Torgiano Rosso Riserva","43,032761","12,409058",,,,,,,,,
,"Veneto",,"45,467836","12,337646",,,,,,,,,,,,,,,
,,,,,"Arcole","45,357833","11,285648",,,,,,,,,,,,
,,,,,"Bagnoli di Sopra","45,188611","11,885944",,,,,,,,,,,,
,,,,,"Bardolino","45,564064","10,71167",,,,,,,,,,,,
,,,,,,,,"Bardolino Classico","45,564064","10,71167",,,,,,,,,
,,,,,"Bianco di Custoza","45,444235","10,831833",,,,,,,,,,,,
,,,,,"Breganze","45,708061","11,564795",,,,,,,,,,,,
,,,,,,,,"Breganze Torcolato","45,708061","11,564795",,,,,,,,,
,,,,,"Colli Berici","45,425444","11,497192",,,,,,,,,,,,
,,,,,,,,"Colli Berici Barbarano","45,422552","11,543884",,,,,,,,,
,,,,,"Colli Euganei","45,316667","11,666667",,,,,,,,,,,,
,,,,,"Corti Benedettine del Padovano","45,234283","12,065735",,,,,,,,,,,,
,,,,,"Gambellara","45,460796","11,341278",,,,,,,,,,,,
,,,,,,,,"Gambellara Classico","45,460796","11,341278",,,,,,,,,
,,,,,"Garda Veneto","45,574648","10,707708",,,,,,,,,,,,
,,,,,"Lison-Pramaggiore","45,814444","12,758904",,,,,,,,,,,,
,,,,,"Lugana - Veneto","45,450979","10,696564",,,,,,,,,,,,
,,,,,"Merlara","45,167352","11,442352",,,,,,,,,,,,
,,,,,"Montello e Colli Asolani","45,803914","11,90918",,,,,,,,,,,,
,,,,,,,,"Montello e Colli Asolani Venegazzu","45,780215","12,091484",,,,,,,,,
,,,,,"Monti Lessini","45,72397","11,129811",,,,,,,,,,,,
,,,,,"Piave","45,644768","12,568359",,,,,,,,,,,,
,,,,,"Prosecco","45,690833","12,23877",,,,,,,,,,,,
,,,,,,,,"Prosecco di Treviso","45,675482","12,23877",,,,,,,,,
,,,,,"Riviera del Brenta","45,435065","12,128951",,,,,,,,,,,,
,,,,,"Soave","45,428335","11,248627",,,,,,,,,,,,
,,,,,,,,"Soave Classico","45,428335","11,248627",,,,,,,,,
,,,,,"Valpolicella","45,548679","10,93689",,,,,,,,,,,,
,,,,,,,,"Valpolicella Classico","45,548679","10,93689",,,,,,,,,
,,,,,,,,"Valpolicella Ripasso","45,548679","10,93689",,,,,,,,,
,,,,,,,,,,,"Valpolicella Ripasso Classico","45,548679","10,93689",,,,,,
,,,,,,,,,,,"Valpolicella Ripasso Valpantena","45,525592","11,030273",,,,,,
,,,,,,,,"Valpolicella Valpantena","45,525592","11,030273",,,,,,,,,
,,,,,"Veneto DOCG","45,467836","12,337646",,,,,,,,,,,,
,,,,,,,,"Amarone della Valpolicella","45,548679","10,93689",,,,,,,,,
,,,,,,,,,,,"Amarone della Valpolicella Classico","45,548679","10,93689",,,,,,
,,,,,,,,,,,"Amarone della Valpolicella Valpantena","45,525592","11,030273",,,,,,
,,,,,,,,,,,"Grappa di Amarone","45,548679","10,93689",,,,,,
,,,,,,,,"Asolo Prosecco - Colli Asolani","45,801999","11,911926",,,,,,,,,
,,,,,,,,"Bagnoli Friularo",,,,,,,,,,,
,,,,,,,,"Bardolino Superiore","45,564064","10,71167",,,,,,,,,
,,,,,,,,,,,"Bardolino Superiore Classico","45,564064","10,71167",,,,,,
,,,,,,,,"Colli Euganei Fior d'Arancio","45,36276","11,657867",,,,,,,,,
,,,,,,,,"Colli di Conegliano","45,901477","12,304688",,,,,,,,,
,,,,,,,,,,,"Colli di Conegliano Refrontolo","45,901661","12,192819",,,,,,
,,,,,,,,"Lison","45,610195","12,870483",,,,,,,,,
,,,,,,,,,,,"Lison Classico","45,79434","12,826538",,,,,,
,,,,,,,,"Montello Rosso","45,823057","11,90918",,,,,,,,,
,,,,,,,,"Piave Malanotte","45,647648","12,566986",,,,,,,,,
,,,,,,,,"Prosecco di Conegliano-Valdobbiadene","45,897655","12,304688",,,,,,,,,
,,,,,,,,,,,"Conegliano Valdobbiadene Superiore di Cartizze","45,895504","12,011833",,,,,,
,,,,,,,,"Recioto della Valpolicella","45,548679","10,93689",,,,,,,,,
,,,,,,,,,,,"Recioto della Valpolicella Classico","45,548679","10,93689",,,,,,
,,,,,,,,,,,"Recioto della Valpolicella Valpantena","45,525592","11,030273",,,,,,
,,,,,,,,"Recioto di Gambellara","45,46302","11,322098",,,,,,,,,
,,,,,,,,,,,"Recioto di Gambellara Classico","45,46302","11,322098",,,,,,
,,,,,,,,"Recioto di Soave","45,428335","11,248627",,,,,,,,,
,,,,,,,,,,,"Recioto di Soave Classico","45,428335","11,248627",,,,,,
,,,,,,,,"Soave Superiore","45,428335","11,248627",,,,,,,,,
,,,,,,,,,,,"Soave Superiore Classico","45,428335","11,248627",,,,,,
,,,,,"Venezia","45,434336","12,338784",,,,,,,,,,,,
,,,,,"Vicenza","45,545905","11,540307",,,,,,,,,,,,
